A,B,C,D,E,F,G,H,I,J,K,L,M,N,O,P,Q,R,S,target
0,0,0,0,0,0,0,0,0,0,0,0,0,0,0,0,0,0,0,0
0,0,0,0,0,0,0,0,0,0,0,0,0,0,0,0,0,0,0,1
0,0,0,0,0,0,0,0,0,0,0,0,0,0,0,0,0,0,0,0
0,0,0,0,0,0,0,0,0,0,0,0,0,0,0,0,0,0,0,0
0,0,0,0,0,0,0,1,11,9,1,11,9,0,0,0,2,15,5,0
0,0,0,0,0,0,0,0,0,0,0,0,0,0,0,0,0,0,0,1
27,1,27,20,0,0,0,2,29,20,2,29,20,0,0,0,2,39,7,1
22,1,22,22,0,0,0,2,30,22,2,30,22,0,0,0,2,39,7,0
0,0,0,0,0,0,0,0,0,0,0,0,0,0,0,0,0,0,0,1
22,1,22,22,0,0,0,2,30,22,2,30,22,0,0,0,2,39,7,1
32,1,32,32,0,0,0,2,33,32,2,33,32,0,0,0,2,43,7,1
20,1,20,17,0,0,0,2,33,22,2,33,22,0,0,0,2,46,7,0
25,1,25,22,0,0,0,2,41,32,2,41,32,0,0,0,2,42,7,1
39,2,39,32,0,0,0,2,45,32,2,45,32,0,0,0,3,49,7,1
0,0,0,0,0,0,0,0,0,0,0,0,0,0,0,0,0,0,0,1
0,0,0,0,0,0,0,0,0,0,0,0,0,0,0,0,0,0,0,1
0,0,0,0,0,0,0,0,0,0,0,0,0,0,0,0,0,0,0,1
0,0,0,0,0,0,0,0,0,0,0,0,0,0,0,0,0,0,0,0
0,0,0,0,0,0,0,0,0,0,0,0,0,0,0,0,0,0,0,1
0,0,0,0,0,0,0,0,0,0,0,0,0,0,0,0,0,0,0,0
7,2,7,4,0,0,0,2,7,4,2,7,4,0,0,0,2,7,4,0
0,0,0,0,0,0,0,0,0,0,0,0,0,0,0,0,0,0,0,1
7,2,7,4,0,0,0,2,7,4,2,7,4,0,0,0,2,7,4,1
0,0,0,0,0,0,0,2,14,10,2,14,10,0,0,0,2,14,5,0
0,0,0,0,0,0,0,2,14,10,2,14,10,0,0,0,2,14,5,0
0,0,0,0,0,0,0,2,14,10,2,14,10,0,0,0,2,14,5,1
0,0,0,0,0,0,0,0,0,0,0,0,0,0,0,0,0,0,0,1
0,0,0,0,0,0,0,0,0,0,0,0,0,0,0,0,0,0,0,1
0,0,0,0,0,0,0,0,0,0,0,0,0,0,0,0,0,0,0,1
0,0,0,0,0,0,0,0,0,0,0,0,0,0,0,0,0,0,0,0
20,1,20,20,0,0,0,1,20,20,1,20,20,0,0,0,1,20,5,0
0,0,0,0,0,0,0,1,24,22,1,24,22,0,0,0,2,31,6,0
0,0,0,0,0,0,0,0,0,0,0,0,0,0,0,0,0,0,0,1
0,0,0,0,0,0,0,0,0,0,0,0,0,0,0,0,0,0,0,1
81,1,77,77,1,22,22,1,81,77,1,77,77,1,22,22,1,81,8,0
31,0,0,0,1,31,31,1,31,31,0,0,0,1,31,31,1,34,6,1
31,0,0,0,1,31,31,1,31,31,0,0,0,1,31,31,1,34,6,1
31,0,0,0,1,31,31,1,31,31,0,0,0,1,31,31,1,34,6,0
31,0,0,0,1,31,31,1,31,31,0,0,0,1,31,31,1,34,6,1
31,0,0,0,1,31,31,1,31,31,0,0,0,1,31,31,1,34,6,1
0,0,0,0,0,0,0,0,0,0,0,0,0,0,0,0,0,0,0,1
0,0,0,0,0,0,0,2,30,23,2,30,23,0,0,0,2,30,6,0
0,0,0,0,0,0,0,2,30,23,2,30,23,0,0,0,2,30,6,0
0,0,0,0,0,0,0,0,0,0,0,0,0,0,0,0,0,0,0,1
63,1,63,45,0,0,0,1,63,45,1,63,45,0,0,0,1,63,8,0
63,1,63,45,0,0,0,1,63,45,1,63,45,0,0,0,1,63,8,0
63,1,63,45,0,0,0,1,63,45,1,63,45,0,0,0,1,63,8,0
63,1,63,45,0,0,0,1,45,45,1,63,45,0,0,0,1,63,8,1
63,1,63,45,0,0,0,1,63,45,1,63,45,0,0,0,1,63,8,1
63,1,63,45,0,0,0,1,63,45,1,63,45,0,0,0,1,63,8,0
63,1,63,45,0,0,0,1,63,45,1,63,45,0,0,0,1,63,8,1
63,1,63,45,0,0,0,1,63,45,1,63,45,0,0,0,1,63,8,0
63,1,63,45,0,0,0,1,63,45,1,63,45,0,0,0,1,63,8,0
0,0,0,0,0,0,0,0,0,0,0,0,0,0,0,0,0,0,0,0
0,0,0,0,0,0,0,0,0,0,0,0,0,0,0,0,0,0,0,1
0,0,0,0,0,0,0,0,0,0,0,0,0,0,0,0,0,0,0,1
0,0,0,0,0,0,0,0,0,0,0,0,0,0,0,0,0,0,0,1
0,0,0,0,0,0,0,0,0,0,0,0,0,0,0,0,0,0,0,1
49,3,49,24,0,0,0,3,49,10,3,49,24,0,0,0,3,49,7,1
0,0,0,0,0,0,0,0,0,0,0,0,0,0,0,0,0,0,0,0
0,0,0,0,0,0,0,0,0,0,0,0,0,0,0,0,0,0,0,0
76,2,76,52,0,0,0,2,77,52,2,77,52,0,0,0,3,88,8,1
7,1,7,7,0,0,0,2,43,30,2,43,30,0,0,0,2,43,7,0
7,1,7,7,0,0,0,2,43,30,2,43,30,0,0,0,2,43,7,1
42,1,42,30,0,0,0,1,42,30,1,42,30,0,0,0,1,42,7,1
7,1,7,7,0,0,0,2,43,30,2,43,30,0,0,0,2,43,7,1
0,0,0,0,0,0,0,0,0,0,0,0,0,0,0,0,0,0,0,1
7,1,7,7,0,0,0,2,43,30,2,43,30,0,0,0,2,43,7,0
0,0,0,0,0,0,0,0,0,0,0,0,0,0,0,0,0,0,0,1
0,0,0,0,0,0,0,0,0,0,0,0,0,0,0,0,1,32,6,0
0,0,0,0,0,0,0,0,0,0,0,0,0,0,0,0,0,0,0,1
0,0,0,0,0,0,0,0,0,0,0,0,0,0,0,0,0,0,0,0
0,0,0,0,0,0,0,0,0,0,0,0,0,0,0,0,0,0,0,1
0,0,0,0,0,0,0,0,0,0,0,0,0,0,0,0,0,0,0,1
0,0,0,0,0,0,0,0,0,0,0,0,0,0,0,0,0,0,0,1
0,0,0,0,0,0,0,0,0,0,0,0,0,0,0,0,0,0,0,1
0,0,0,0,0,0,0,0,0,0,0,0,0,0,0,0,1,49,7,0
0,0,0,0,0,0,0,0,0,0,0,0,0,0,0,0,1,49,7,1
0,0,0,0,0,0,0,0,0,0,0,0,0,0,0,0,0,0,0,0
0,0,0,0,0,0,0,0,0,0,0,0,0,0,0,0,0,0,0,1
0,0,0,0,0,0,0,0,0,0,0,0,0,0,0,0,0,0,0,0
98,1,98,98,0,0,0,1,98,98,1,98,98,0,0,0,2,98,8,0
34,1,34,34,0,0,0,1,34,34,1,34,34,0,0,0,2,34,6,1
34,1,34,34,0,0,0,1,34,34,1,34,34,0,0,0,2,34,6,1
34,1,34,34,0,0,0,1,34,34,1,34,34,0,0,0,2,34,6,0
0,0,0,0,0,0,0,0,0,0,0,0,0,0,0,0,0,0,0,0
0,0,0,0,0,0,0,1,16,16,1,16,16,0,0,0,1,17,5,0
0,0,0,0,0,0,0,1,16,16,1,16,16,0,0,0,1,17,5,1
0,0,0,0,0,0,0,1,16,16,1,16,16,0,0,0,1,17,5,0
0,0,0,0,0,0,0,1,16,16,1,16,16,0,0,0,1,17,5,0
0,0,0,0,0,0,0,0,0,0,0,0,0,0,0,0,1,12,5,1
0,0,0,0,0,0,0,0,0,0,0,0,0,0,0,0,1,12,5,1
0,0,0,0,0,0,0,0,0,0,0,0,0,0,0,0,1,12,5,1
0,0,0,0,0,0,0,0,0,0,0,0,0,0,0,0,1,12,5,1
0,0,0,0,0,0,0,0,0,0,0,0,0,0,0,0,0,0,0,1
0,0,0,0,0,0,0,0,0,0,0,0,0,0,0,0,0,0,0,1
0,0,0,0,0,0,0,1,10,10,1,10,10,0,0,0,2,21,6,1
0,0,0,0,0,0,0,0,0,0,0,0,0,0,0,0,0,0,0,0
32,1,32,32,0,0,0,1,32,32,1,32,32,0,0,0,1,32,6,0
0,0,0,0,0,0,0,0,0,0,0,0,0,0,0,0,0,0,0,0
0,0,0,0,0,0,0,0,0,0,0,0,0,0,0,0,0,0,0,0
0,0,0,0,0,0,0,0,0,0,0,0,0,0,0,0,0,0,0,0
0,0,0,0,0,0,0,0,0,0,0,0,0,0,0,0,0,0,0,1
5,1,5,5,0,0,0,1,5,5,1,5,5,0,0,0,1,5,3,0
39,2,39,27,0,0,0,2,40,27,2,40,27,0,0,0,2,40,7,0
5,1,5,5,0,0,0,1,5,5,1,5,5,0,0,0,1,5,3,1
39,2,39,27,0,0,0,2,40,27,2,40,27,0,0,0,2,40,7,1
5,1,5,5,0,0,0,1,5,5,1,5,5,0,0,0,1,5,3,0
0,0,0,0,0,0,0,1,7,6,1,7,6,0,0,0,2,8,4,0
26,2,26,20,0,0,0,2,35,22,2,35,22,0,0,0,3,97,8,1
9,1,9,9,0,0,0,1,9,9,1,9,9,0,0,0,1,9,4,1
9,1,9,9,0,0,0,1,9,9,1,9,9,0,0,0,1,9,4,1
9,1,9,9,0,0,0,1,9,9,1,9,9,0,0,0,1,9,4,0
9,1,9,9,0,0,0,1,9,9,1,9,9,0,0,0,1,9,4,1
9,1,9,9,0,0,0,1,9,9,1,9,9,0,0,0,1,9,4,1
9,1,9,9,0,0,0,1,9,9,1,9,9,0,0,0,1,9,4,0
9,1,9,9,0,0,0,1,9,9,1,9,9,0,0,0,1,9,4,1
9,1,9,9,0,0,0,1,9,9,1,9,9,0,0,0,1,9,4,0
9,1,9,9,0,0,0,1,9,9,1,9,9,0,0,0,1,9,4,0
9,1,9,9,0,0,0,1,9,9,1,9,9,0,0,0,1,9,4,0
9,1,9,9,0,0,0,1,9,9,1,9,9,0,0,0,1,9,4,0
0,0,0,0,0,0,0,0,0,0,0,0,0,0,0,0,0,0,0,0
0,0,0,0,0,0,0,0,0,0,0,0,0,0,0,0,0,0,0,0
0,0,0,0,0,0,0,0,0,0,0,0,0,0,0,0,0,0,0,1
0,0,0,0,0,0,0,0,0,0,0,0,0,0,0,0,0,0,0,0
10,1,10,10,0,0,0,1,10,10,1,10,10,0,0,0,1,24,6,1
7,1,7,6,0,0,0,1,7,6,1,7,6,0,0,0,2,56,7,1
7,1,7,6,0,0,0,1,7,6,1,7,6,0,0,0,2,56,7,1
7,1,7,6,0,0,0,1,7,6,1,7,6,0,0,0,2,56,7,0
3,1,3,3,0,0,0,1,3,3,1,3,3,0,0,0,2,5,3,1
0,0,0,0,0,0,0,0,0,0,0,0,0,0,0,0,0,0,0,1
0,0,0,0,0,0,0,0,0,0,0,0,0,0,0,0,0,0,0,1
0,0,0,0,0,0,0,0,0,0,0,0,0,0,0,0,0,0,0,1
0,0,0,0,0,0,0,0,0,0,0,0,0,0,0,0,0,0,0,0
0,0,0,0,0,0,0,0,0,0,0,0,0,0,0,0,0,0,0,1
0,0,0,0,0,0,0,0,0,0,0,0,0,0,0,0,0,0,0,0
58,2,58,39,0,0,0,3,64,39,3,64,39,0,0,0,4,71,8,1
58,2,58,39,0,0,0,3,64,39,3,64,39,0,0,0,4,71,8,1
0,0,0,0,0,0,0,0,0,0,0,0,0,0,0,0,0,0,0,1
0,0,0,0,0,0,0,0,0,0,0,0,0,0,0,0,0,0,0,1
7,1,7,7,0,0,0,1,10,7,1,10,7,0,0,0,1,10,4,0
7,1,7,7,0,0,0,1,7,7,1,7,7,0,0,0,1,7,4,0
0,0,0,0,0,0,0,0,0,0,0,0,0,0,0,0,0,0,0,0
0,0,0,0,0,0,0,0,0,0,0,0,0,0,0,0,1,7,3,1
57,1,57,57,0,0,0,1,58,57,1,58,57,0,0,0,2,58,7,0
0,0,0,0,0,0,0,0,0,0,0,0,0,0,0,0,1,7,3,1
0,0,0,0,0,0,0,0,0,0,0,0,0,0,0,0,1,7,3,1
38,2,38,28,0,0,0,2,38,28,2,38,28,0,0,0,2,38,7,0
4,1,4,4,0,0,0,1,4,4,1,4,4,0,0,0,1,4,3,1
0,0,0,0,0,0,0,0,0,0,0,0,0,0,0,0,0,0,0,0
0,0,0,0,0,0,0,1,15,15,1,15,15,0,0,0,1,52,7,0
0,0,0,0,0,0,0,0,0,0,0,0,0,0,0,0,0,0,0,1
14,0,0,0,1,14,13,1,14,13,0,0,0,1,14,13,1,14,5,1
14,0,0,0,1,14,13,1,14,13,0,0,0,1,14,13,1,14,5,0
14,0,0,0,1,14,13,1,14,13,0,0,0,1,14,13,1,14,5,0
14,0,0,0,1,14,13,1,14,13,0,0,0,1,14,13,1,14,5,0
107,3,107,32,0,0,0,4,125,37,4,125,37,0,0,0,4,125,9,0
7,1,7,6,0,0,0,2,8,6,2,8,6,0,0,0,2,8,4,0
17,1,17,17,0,0,0,2,36,22,2,36,22,0,0,0,3,57,7,0
17,1,17,17,0,0,0,2,36,22,2,36,22,0,0,0,3,57,7,1
17,1,17,17,0,0,0,2,36,22,2,36,22,0,0,0,3,57,7,1
0,0,0,0,0,0,0,0,0,0,0,0,0,0,0,0,0,0,0,1
0,0,0,0,0,0,0,0,0,0,0,0,0,0,0,0,0,0,0,1
0,0,0,0,0,0,0,0,0,0,0,0,0,0,0,0,0,0,0,0
0,0,0,0,0,0,0,0,0,0,0,0,0,0,0,0,0,0,0,1
0,0,0,0,0,0,0,0,0,0,0,0,0,0,0,0,0,0,0,0
45,2,45,33,0,0,0,2,45,33,2,45,33,0,0,0,2,45,7,0
0,0,0,0,0,0,0,0,0,0,0,0,0,0,0,0,0,0,0,1
45,2,45,33,0,0,0,2,45,33,2,45,33,0,0,0,2,45,7,1
0,0,0,0,0,0,0,0,0,0,0,0,0,0,0,0,0,0,0,1
14,0,0,0,1,14,12,1,14,12,0,0,0,1,14,12,2,18,5,1
0,0,0,0,0,0,0,1,38,38,1,38,38,0,0,0,1,38,7,0
15,2,15,7,0,0,0,2,16,7,2,16,7,0,0,0,2,16,5,1
7,1,7,7,0,0,0,1,7,7,1,7,7,0,0,0,1,12,5,1
0,0,0,0,0,0,0,1,10,10,1,10,10,0,0,0,1,10,4,1
0,0,0,0,0,0,0,0,0,0,0,0,0,0,0,0,2,8,4,1
0,0,0,0,0,0,0,1,17,14,1,17,14,0,0,0,1,17,5,0
0,0,0,0,0,0,0,1,17,14,1,17,14,0,0,0,1,17,5,0
0,0,0,0,0,0,0,1,17,14,1,17,14,0,0,0,1,17,5,0
0,0,0,0,0,0,0,1,17,14,1,17,14,0,0,0,1,17,5,1
60,2,60,48,0,0,0,2,60,48,2,60,48,0,0,0,2,60,7,1
0,0,0,0,0,0,0,0,0,0,0,0,0,0,0,0,0,0,0,0
0,0,0,0,0,0,0,0,0,0,0,0,0,0,0,0,0,0,0,0
0,0,0,0,0,0,0,0,0,0,0,0,0,0,0,0,0,0,0,0
0,0,0,0,0,0,0,0,0,0,0,0,0,0,0,0,1,7,4,0
0,0,0,0,0,0,0,0,0,0,0,0,0,0,0,0,1,7,4,0
0,0,0,0,0,0,0,0,0,0,0,0,0,0,0,0,1,7,4,1
0,0,0,0,0,0,0,0,0,0,0,0,0,0,0,0,1,7,4,0
0,0,0,0,0,0,0,0,0,0,0,0,0,0,0,0,0,0,0,1
0,0,0,0,0,0,0,1,100,100,1,100,100,0,0,0,2,124,9,1
0,0,0,0,0,0,0,1,100,100,1,100,100,0,0,0,2,124,9,0
0,0,0,0,0,0,0,0,0,0,0,0,0,0,0,0,0,0,0,1
0,0,0,0,0,0,0,0,0,0,0,0,0,0,0,0,0,0,0,0
0,0,0,0,0,0,0,0,0,0,0,0,0,0,0,0,0,0,0,1
0,0,0,0,0,0,0,0,0,0,0,0,0,0,0,0,0,0,0,1
0,0,0,0,0,0,0,0,0,0,0,0,0,0,0,0,0,0,0,0
0,0,0,0,0,0,0,0,0,0,0,0,0,0,0,0,0,0,0,1
0,0,0,0,0,0,0,0,0,0,0,0,0,0,0,0,0,0,0,1
0,0,0,0,0,0,0,0,0,0,0,0,0,0,0,0,0,0,0,0
0,0,0,0,0,0,0,0,0,0,0,0,0,0,0,0,0,0,0,0
0,0,0,0,0,0,0,0,0,0,0,0,0,0,0,0,0,0,0,1
0,0,0,0,0,0,0,0,0,0,0,0,0,0,0,0,0,0,0,0
0,0,0,0,0,0,0,0,0,0,0,0,0,0,0,0,0,0,0,1
0,0,0,0,0,0,0,0,0,0,0,0,0,0,0,0,0,0,0,0
0,0,0,0,0,0,0,0,0,0,0,0,0,0,0,0,0,0,0,1
0,0,0,0,0,0,0,0,0,0,0,0,0,0,0,0,0,0,0,1
0,0,0,0,0,0,0,0,0,0,0,0,0,0,0,0,0,0,0,1
0,0,0,0,0,0,0,0,0,0,0,0,0,0,0,0,0,0,0,0
23,1,23,17,0,0,0,1,23,17,1,23,17,0,0,0,1,23,6,1
0,0,0,0,0,0,0,0,0,0,0,0,0,0,0,0,0,0,0,0
0,0,0,0,0,0,0,0,0,0,0,0,0,0,0,0,1,9,4,0
46,1,46,45,0,0,0,1,46,45,1,46,45,0,0,0,1,46,7,0
0,0,0,0,0,0,0,0,0,0,0,0,0,0,0,0,1,9,4,0
89,2,84,55,0,0,0,2,100,55,2,100,55,0,0,0,2,100,8,1
28,1,28,28,0,0,0,1,28,28,1,28,28,0,0,0,1,28,6,1
72,1,72,65,0,0,0,2,75,65,2,75,65,0,0,0,2,79,8,1
22,1,22,22,0,0,0,1,32,22,1,32,22,0,0,0,2,43,7,0
41,1,41,39,0,0,0,2,68,65,2,83,65,0,0,0,2,86,8,0
22,1,22,22,0,0,0,1,32,22,1,32,22,0,0,0,2,43,7,1
0,0,0,0,0,0,0,0,0,0,0,0,0,0,0,0,0,0,0,1
0,0,0,0,0,0,0,0,0,0,0,0,0,0,0,0,0,0,0,1
0,0,0,0,0,0,0,0,0,0,0,0,0,0,0,0,0,0,0,0
0,0,0,0,0,0,0,0,0,0,0,0,0,0,0,0,0,0,0,0
0,0,0,0,0,0,0,0,0,0,0,0,0,0,0,0,0,0,0,0
0,0,0,0,0,0,0,0,0,0,0,0,0,0,0,0,0,0,0,1
0,0,0,0,0,0,0,0,0,0,0,0,0,0,0,0,0,0,0,0
0,0,0,0,0,0,0,0,0,0,0,0,0,0,0,0,0,0,0,1
0,0,0,0,0,0,0,0,0,0,0,0,0,0,0,0,0,0,0,0
29,0,0,0,1,29,21,1,29,21,0,0,0,1,29,21,1,29,6,0
0,0,0,0,0,0,0,1,6,6,1,6,6,0,0,0,1,6,3,0
0,0,0,0,0,0,0,1,6,6,1,6,6,0,0,0,1,6,3,0
0,0,0,0,0,0,0,1,6,6,1,6,6,0,0,0,1,6,3,0
0,0,0,0,0,0,0,1,6,6,1,6,6,0,0,0,1,6,3,1
0,0,0,0,0,0,0,0,0,0,0,0,0,0,0,0,0,0,0,1
0,0,0,0,0,0,0,0,0,0,0,0,0,0,0,0,0,0,0,0
0,0,0,0,0,0,0,0,0,0,0,0,0,0,0,0,0,0,0,0
0,0,0,0,0,0,0,0,0,0,0,0,0,0,0,0,0,0,0,0
0,0,0,0,0,0,0,0,0,0,0,0,0,0,0,0,0,0,0,1
0,0,0,0,0,0,0,0,0,0,0,0,0,0,0,0,0,0,0,1
92,1,92,66,0,0,0,2,93,66,2,93,66,0,0,0,2,93,8,0
15,1,15,15,0,0,0,1,15,15,1,15,15,0,0,0,1,15,5,0
15,1,15,15,0,0,0,1,15,15,1,15,15,0,0,0,1,15,5,1
0,0,0,0,0,0,0,0,0,0,0,0,0,0,0,0,1,39,7,0
0,0,0,0,0,0,0,0,0,0,0,0,0,0,0,0,1,39,7,1
16,1,16,16,0,0,0,1,16,16,1,16,16,0,0,0,1,24,6,0
0,0,0,0,0,0,0,0,0,0,0,0,0,0,0,0,0,0,0,1
0,0,0,0,0,0,0,0,0,0,0,0,0,0,0,0,0,0,0,1
13,2,13,7,0,0,0,2,13,7,2,13,7,0,0,0,2,17,5,0
13,2,13,7,0,0,0,2,13,7,2,13,7,0,0,0,2,17,5,1
13,2,13,7,0,0,0,2,13,7,2,13,7,0,0,0,2,17,5,0
13,2,13,7,0,0,0,2,13,7,2,13,7,0,0,0,2,17,5,1
2,1,2,2,0,0,0,1,2,2,1,2,2,0,0,0,1,2,2,1
2,1,2,2,0,0,0,1,2,2,1,2,2,0,0,0,1,2,2,0
2,1,2,2,0,0,0,1,2,2,1,2,2,0,0,0,1,2,2,0
0,0,0,0,0,0,0,0,0,0,0,0,0,0,0,0,0,0,0,0
0,0,0,0,0,0,0,0,0,0,0,0,0,0,0,0,0,0,0,0
0,0,0,0,0,0,0,0,0,0,0,0,0,0,0,0,0,0,0,0
0,0,0,0,0,0,0,0,0,0,0,0,0,0,0,0,0,0,0,0
0,0,0,0,0,0,0,0,0,0,0,0,0,0,0,0,0,0,0,0
0,0,0,0,0,0,0,0,0,0,0,0,0,0,0,0,0,0,0,1
7,1,7,6,0,0,0,2,11,6,2,11,6,0,0,0,2,12,4,1
0,0,0,0,0,0,0,1,7,7,1,7,7,0,0,0,1,7,4,0
0,0,0,0,0,0,0,1,14,14,1,14,14,0,0,0,1,16,5,0
0,0,0,0,0,0,0,0,0,0,0,0,0,0,0,0,1,7,4,1
6,1,6,5,0,0,0,1,6,5,1,6,5,0,0,0,1,6,3,0
0,0,0,0,0,0,0,0,0,0,0,0,0,0,0,0,0,0,0,0
7,1,7,7,0,0,0,1,7,7,1,7,7,0,0,0,1,7,4,1
7,1,7,7,0,0,0,3,21,7,3,21,7,0,0,0,3,22,6,0
19,2,19,13,0,0,0,3,43,22,3,43,22,0,0,0,4,56,7,1
21,1,21,21,0,0,0,2,52,22,2,52,22,0,0,0,3,68,8,1
74,1,74,74,0,0,0,1,76,74,1,76,74,0,0,0,1,76,8,1
19,1,19,19,0,0,0,1,19,19,1,19,19,0,0,0,1,19,5,0
74,1,74,74,0,0,0,1,76,74,1,76,74,0,0,0,1,76,8,0
74,1,74,74,0,0,0,1,76,74,1,76,74,0,0,0,1,76,8,0
0,0,0,0,0,0,0,0,0,0,0,0,0,0,0,0,0,0,0,0
74,1,74,74,0,0,0,1,76,74,1,76,74,0,0,0,1,76,8,0
0,0,0,0,0,0,0,0,0,0,0,0,0,0,0,0,0,0,0,0
0,0,0,0,0,0,0,0,0,0,0,0,0,0,0,0,0,0,0,0
0,0,0,0,0,0,0,0,0,0,0,0,0,0,0,0,0,0,0,1
0,0,0,0,0,0,0,0,0,0,0,0,0,0,0,0,0,0,0,1
0,0,0,0,0,0,0,0,0,0,0,0,0,0,0,0,0,0,0,0
0,0,0,0,0,0,0,0,0,0,0,0,0,0,0,0,0,0,0,1
0,0,0,0,0,0,0,0,0,0,0,0,0,0,0,0,0,0,0,1
0,0,0,0,0,0,0,0,0,0,0,0,0,0,0,0,0,0,0,1
0,0,0,0,0,0,0,0,0,0,0,0,0,0,0,0,0,0,0,1
0,0,0,0,0,0,0,0,0,0,0,0,0,0,0,0,0,0,0,1
0,0,0,0,0,0,0,0,0,0,0,0,0,0,0,0,0,0,0,1
0,0,0,0,0,0,0,0,0,0,0,0,0,0,0,0,0,0,0,1
0,0,0,0,0,0,0,0,0,0,0,0,0,0,0,0,0,0,0,1
0,0,0,0,0,0,0,0,0,0,0,0,0,0,0,0,0,0,0,0
0,0,0,0,0,0,0,0,0,0,0,0,0,0,0,0,0,0,0,0
0,0,0,0,0,0,0,0,0,0,0,0,0,0,0,0,0,0,0,0
0,0,0,0,0,0,0,0,0,0,0,0,0,0,0,0,0,0,0,0
0,0,0,0,0,0,0,0,0,0,0,0,0,0,0,0,0,0,0,1
0,0,0,0,0,0,0,0,0,0,0,0,0,0,0,0,0,0,0,0
0,0,0,0,0,0,0,0,0,0,0,0,0,0,0,0,0,0,0,1
21,1,21,20,0,0,0,1,21,20,1,21,20,0,0,0,1,21,6,1
0,0,0,0,0,0,0,0,0,0,0,0,0,0,0,0,0,0,0,1
7,1,7,7,0,0,0,1,7,7,1,7,7,0,0,0,1,7,4,0
2,1,2,2,0,0,0,1,2,2,1,2,2,0,0,0,1,2,1,0
0,0,0,0,0,0,0,0,0,0,0,0,0,0,0,0,0,0,0,0
84,2,84,42,0,0,0,4,95,42,4,95,42,0,0,0,4,95,8,0
44,3,44,24,0,0,0,3,44,24,3,44,24,0,0,0,3,44,7,1
119,2,119,100,0,0,0,3,146,100,3,146,100,0,0,0,4,152,9,1
84,2,84,42,0,0,0,4,95,42,4,95,42,0,0,0,4,95,8,0
44,3,44,24,0,0,0,3,44,24,3,44,24,0,0,0,3,44,7,0
2,1,2,2,0,0,0,1,2,2,1,2,2,0,0,0,1,2,1,0
119,2,119,100,0,0,0,3,146,100,3,146,100,0,0,0,4,152,9,0
119,2,119,100,0,0,0,3,146,100,3,146,100,0,0,0,4,152,9,1
7,1,7,7,0,0,0,1,10,7,1,10,7,0,0,0,1,10,4,0
44,3,44,24,0,0,0,3,44,24,3,44,24,0,0,0,3,44,7,1
14,1,14,14,0,0,0,1,14,14,1,14,14,0,0,0,1,14,5,1
7,1,7,7,0,0,0,1,16,14,1,16,14,0,0,0,1,16,5,0
23,1,23,20,0,0,0,1,23,20,1,23,20,0,0,0,1,23,6,0
23,1,23,20,0,0,0,1,23,20,1,23,20,0,0,0,1,23,6,0
23,1,23,20,0,0,0,1,23,20,1,23,20,0,0,0,1,23,6,1
23,1,23,20,0,0,0,1,23,20,1,23,20,0,0,0,1,23,6,1
0,0,0,0,0,0,0,0,0,0,0,0,0,0,0,0,1,47,7,1
6,1,6,6,0,0,0,1,6,6,1,6,6,0,0,0,1,6,3,1
0,0,0,0,0,0,0,0,0,0,0,0,0,0,0,0,0,0,0,1
0,0,0,0,0,0,0,0,0,0,0,0,0,0,0,0,0,0,0,1
13,1,13,10,0,0,0,1,13,10,1,13,10,0,0,0,1,13,5,0
0,0,0,0,0,0,0,1,142,142,1,142,142,0,0,0,1,143,9,1
9,1,9,9,0,0,0,1,9,9,1,9,9,0,0,0,1,9,4,1
15,1,15,11,0,0,0,2,16,11,2,16,11,0,0,0,2,16,5,1
15,1,15,11,0,0,0,2,16,11,2,16,11,0,0,0,2,16,5,0
15,1,15,11,0,0,0,2,16,11,2,16,11,0,0,0,2,16,5,0
7,1,7,7,0,0,0,1,7,7,1,7,7,0,0,0,1,7,4,0
0,0,0,0,0,0,0,0,0,0,0,0,0,0,0,0,0,0,0,1
0,0,0,0,0,0,0,0,0,0,0,0,0,0,0,0,0,0,0,1
0,0,0,0,0,0,0,0,0,0,0,0,0,0,0,0,0,0,0,1
0,0,0,0,0,0,0,0,0,0,0,0,0,0,0,0,0,0,0,1
0,0,0,0,0,0,0,0,0,0,0,0,0,0,0,0,0,0,0,0
0,0,0,0,0,0,0,0,0,0,0,0,0,0,0,0,0,0,0,1
0,0,0,0,0,0,0,0,0,0,0,0,0,0,0,0,1,4,3,1
0,0,0,0,0,0,0,0,0,0,0,0,0,0,0,0,0,0,0,0
0,0,0,0,0,0,0,0,0,0,0,0,0,0,0,0,0,0,0,1
0,0,0,0,0,0,0,0,0,0,0,0,0,0,0,0,0,0,0,1
0,0,0,0,0,0,0,0,0,0,0,0,0,0,0,0,0,0,0,0
45,1,45,45,0,0,0,2,57,45,2,57,45,0,0,0,2,57,7,0
45,1,45,45,0,0,0,2,57,45,2,57,45,0,0,0,2,57,7,0
45,1,45,45,0,0,0,2,57,45,2,57,45,0,0,0,2,57,7,1
45,1,45,45,0,0,0,2,57,45,2,57,45,0,0,0,2,57,7,0
45,1,45,45,0,0,0,2,57,45,2,57,45,0,0,0,2,57,7,1
45,1,45,45,0,0,0,2,57,45,2,57,45,0,0,0,2,57,7,0
45,1,45,45,0,0,0,2,57,45,2,57,45,0,0,0,2,57,7,1
45,1,45,45,0,0,0,2,57,45,2,57,45,0,0,0,2,57,7,0
45,1,45,45,0,0,0,2,57,45,2,57,45,0,0,0,2,57,7,0
45,1,45,45,0,0,0,2,57,45,2,57,45,0,0,0,2,57,7,1
45,1,45,45,0,0,0,2,57,45,2,57,45,0,0,0,2,57,7,1
0,0,0,0,0,0,0,0,0,0,0,0,0,0,0,0,0,0,0,1
0,0,0,0,0,0,0,0,0,0,0,0,0,0,0,0,0,0,0,0
0,0,0,0,0,0,0,0,0,0,0,0,0,0,0,0,0,0,0,1
0,0,0,0,0,0,0,0,0,0,0,0,0,0,0,0,0,0,0,0
0,0,0,0,0,0,0,0,0,0,0,0,0,0,0,0,0,0,0,1
0,0,0,0,0,0,0,0,0,0,0,0,0,0,0,0,0,0,0,0
0,0,0,0,0,0,0,0,0,0,0,0,0,0,0,0,1,29,6,1
0,0,0,0,0,0,0,0,0,0,0,0,0,0,0,0,1,29,6,1
0,0,0,0,0,0,0,0,0,0,0,0,0,0,0,0,1,29,6,0
0,0,0,0,0,0,0,0,0,0,0,0,0,0,0,0,1,29,6,1
6,1,6,6,0,0,0,1,7,6,1,7,6,0,0,0,3,79,8,1
6,1,6,6,0,0,0,1,7,6,1,7,6,0,0,0,3,79,8,1
6,1,6,6,0,0,0,1,7,6,1,7,6,0,0,0,3,79,8,1
0,0,0,0,0,0,0,0,0,0,0,0,0,0,0,0,0,0,0,1
3,1,3,3,0,0,0,1,3,3,1,3,3,0,0,0,1,3,2,1
3,1,3,3,0,0,0,1,3,3,1,3,3,0,0,0,1,3,2,1
0,0,0,0,0,0,0,2,47,36,2,47,36,0,0,0,2,48,7,1
0,0,0,0,0,0,0,0,0,0,0,0,0,0,0,0,0,0,0,0
0,0,0,0,0,0,0,2,47,36,2,47,36,0,0,0,2,48,7,0
0,0,0,0,0,0,0,2,47,36,2,47,36,0,0,0,2,48,7,0
10,1,10,10,0,0,0,1,10,10,1,10,10,0,0,0,1,10,4,1
0,0,0,0,0,0,0,2,47,36,2,47,36,0,0,0,2,48,7,0
24,1,24,23,0,0,0,1,24,23,1,24,23,0,0,0,1,24,6,1
24,1,24,23,0,0,0,1,24,23,1,24,23,0,0,0,1,24,6,1
0,0,0,0,0,0,0,0,0,0,0,0,0,0,0,0,0,0,0,1
0,0,0,0,0,0,0,0,0,0,0,0,0,0,0,0,0,0,0,1
0,0,0,0,0,0,0,0,0,0,0,0,0,0,0,0,0,0,0,1
12,1,12,12,0,0,0,1,12,12,1,12,12,0,0,0,1,12,4,0
0,0,0,0,0,0,0,0,0,0,0,0,0,0,0,0,0,0,0,0
12,1,12,12,0,0,0,1,12,12,1,12,12,0,0,0,1,12,4,1
0,0,0,0,0,0,0,0,0,0,0,0,0,0,0,0,0,0,0,0
0,0,0,0,0,0,0,0,0,0,0,0,0,0,0,0,0,0,0,0
0,0,0,0,0,0,0,0,0,0,0,0,0,0,0,0,1,4,3,0
316,1,316,316,0,0,0,1,316,316,1,316,316,0,0,0,1,316,10,0
32,1,32,22,0,0,0,2,318,316,2,318,316,0,0,0,2,318,10,1
0,0,0,0,0,0,0,0,0,0,0,0,0,0,0,0,1,32,6,1
0,0,0,0,0,0,0,0,0,0,0,0,0,0,0,0,1,32,6,1
0,0,0,0,0,0,0,1,59,50,1,50,50,1,32,32,2,67,8,0
0,0,0,0,0,0,0,1,59,50,1,50,50,1,32,32,2,67,8,0
0,0,0,0,0,0,0,1,59,50,1,50,50,1,32,32,2,67,8,0
7,2,7,4,0,0,0,4,22,13,4,22,13,0,0,0,5,30,6,1
0,0,0,0,0,0,0,0,0,0,0,0,0,0,0,0,0,0,0,0
15,2,15,9,0,0,0,2,15,9,2,15,9,0,0,0,3,51,7,1
0,0,0,0,0,0,0,2,49,33,2,49,33,0,0,0,2,49,7,1
15,2,15,9,0,0,0,2,15,9,2,15,9,0,0,0,3,51,7,0
15,2,15,9,0,0,0,2,15,9,2,15,9,0,0,0,3,51,7,1
15,2,15,9,0,0,0,2,15,9,2,15,9,0,0,0,3,51,7,0
15,2,15,9,0,0,0,2,15,9,2,15,9,0,0,0,3,51,7,0
15,2,15,9,0,0,0,2,15,9,2,15,9,0,0,0,3,51,7,0
15,2,15,9,0,0,0,2,15,9,2,15,9,0,0,0,3,51,7,0
15,2,15,9,0,0,0,2,15,9,2,15,9,0,0,0,3,51,7,1
0,0,0,0,0,0,0,2,49,33,2,49,33,0,0,0,2,49,7,1
15,2,15,9,0,0,0,2,15,9,2,15,9,0,0,0,3,51,7,0
0,0,0,0,0,0,0,2,49,33,2,49,33,0,0,0,2,49,7,0
0,0,0,0,0,0,0,0,0,0,0,0,0,0,0,0,0,0,0,0
14,1,14,14,0,0,0,1,14,14,1,14,14,0,0,0,1,14,5,0
0,0,0,0,0,0,0,0,0,0,0,0,0,0,0,0,0,0,0,0
0,0,0,0,0,0,0,0,0,0,0,0,0,0,0,0,0,0,0,0
17,1,17,17,0,0,0,1,17,17,1,17,17,0,0,0,1,17,5,0
0,0,0,0,0,0,0,0,0,0,0,0,0,0,0,0,0,0,0,0
0,0,0,0,0,0,0,0,0,0,0,0,0,0,0,0,0,0,0,1
0,0,0,0,0,0,0,0,0,0,0,0,0,0,0,0,0,0,0,0
0,0,0,0,0,0,0,0,0,0,0,0,0,0,0,0,0,0,0,1
0,0,0,0,0,0,0,0,0,0,0,0,0,0,0,0,0,0,0,1
0,0,0,0,0,0,0,0,0,0,0,0,0,0,0,0,0,0,0,1
5,1,5,5,0,0,0,1,5,5,1,5,5,0,0,0,1,5,3,1
0,0,0,0,0,0,0,1,4,3,1,4,3,0,0,0,1,4,2,1
0,0,0,0,0,0,0,1,4,3,1,4,3,0,0,0,1,4,2,0
0,0,0,0,0,0,0,1,4,3,1,4,3,0,0,0,1,4,2,1
21,2,21,10,0,0,0,3,24,10,3,24,10,0,0,0,3,24,6,0
21,2,21,10,0,0,0,3,24,10,3,24,10,0,0,0,3,24,6,0
20,2,20,15,0,0,0,2,22,15,2,22,15,0,0,0,2,22,6,0
0,0,0,0,0,0,0,0,0,0,0,0,0,0,0,0,0,0,0,0
0,0,0,0,0,0,0,0,0,0,0,0,0,0,0,0,0,0,0,1
0,0,0,0,0,0,0,0,0,0,0,0,0,0,0,0,0,0,0,1
0,0,0,0,0,0,0,0,0,0,0,0,0,0,0,0,0,0,0,0
0,0,0,0,0,0,0,0,0,0,0,0,0,0,0,0,0,0,0,1
0,0,0,0,0,0,0,0,0,0,0,0,0,0,0,0,0,0,0,1
0,0,0,0,0,0,0,0,0,0,0,0,0,0,0,0,0,0,0,0
54,2,54,45,0,0,0,4,72,45,4,72,45,0,0,0,4,79,8,1
0,0,0,0,0,0,0,0,0,0,0,0,0,0,0,0,0,0,0,1
4,1,4,4,0,0,0,1,4,4,1,4,4,0,0,0,1,11,4,1
4,1,4,4,0,0,0,1,4,4,1,4,4,0,0,0,1,11,4,0
4,1,4,4,0,0,0,1,4,4,1,4,4,0,0,0,1,11,4,1
4,1,4,4,0,0,0,1,4,4,1,4,4,0,0,0,1,11,4,1
4,1,4,4,0,0,0,1,4,4,1,4,4,0,0,0,1,11,4,1
4,1,4,4,0,0,0,1,4,4,1,4,4,0,0,0,1,11,4,1
10,2,10,7,0,0,0,2,10,7,2,10,7,0,0,0,2,10,4,1
10,2,10,7,0,0,0,2,10,7,2,10,7,0,0,0,2,10,4,1
0,0,0,0,0,0,0,0,0,0,0,0,0,0,0,0,0,0,0,1
0,0,0,0,0,0,0,0,0,0,0,0,0,0,0,0,0,0,0,0
10,2,10,7,0,0,0,2,10,7,2,10,7,0,0,0,2,10,4,1
0,0,0,0,0,0,0,1,26,20,1,26,20,0,0,0,2,27,6,0
11,1,11,11,0,0,0,1,11,11,1,11,11,0,0,0,1,11,4,0
0,0,0,0,0,0,0,0,0,0,0,0,0,0,0,0,0,0,0,1
0,0,0,0,0,0,0,0,0,0,0,0,0,0,0,0,0,0,0,1
0,0,0,0,0,0,0,0,0,0,0,0,0,0,0,0,1,19,5,1
0,0,0,0,0,0,0,0,0,0,0,0,0,0,0,0,0,0,0,0
37,1,37,35,0,0,0,1,37,35,1,37,35,0,0,0,1,37,7,0
37,1,37,35,0,0,0,1,37,35,1,37,35,0,0,0,1,37,7,0
37,1,37,35,0,0,0,1,37,35,1,37,35,0,0,0,1,37,7,0
0,0,0,0,0,0,0,0,0,0,0,0,0,0,0,0,1,10,4,1
0,0,0,0,0,0,0,1,32,32,0,0,0,1,32,32,1,32,6,0
0,0,0,0,0,0,0,1,32,32,0,0,0,1,32,32,1,32,6,1
0,0,0,0,0,0,0,1,32,32,0,0,0,1,32,32,1,32,6,0
0,0,0,0,0,0,0,1,32,32,0,0,0,1,32,32,1,32,6,0
0,0,0,0,0,0,0,1,32,32,0,0,0,1,32,32,1,32,6,0
0,0,0,0,0,0,0,1,3,3,1,3,3,0,0,0,1,3,2,0
0,0,0,0,0,0,0,0,0,0,0,0,0,0,0,0,0,0,0,0
0,0,0,0,0,0,0,0,0,0,0,0,0,0,0,0,0,0,0,0
0,0,0,0,0,0,0,0,0,0,0,0,0,0,0,0,0,0,0,0
0,0,0,0,0,0,0,0,0,0,0,0,0,0,0,0,0,0,0,1
0,0,0,0,0,0,0,0,0,0,0,0,0,0,0,0,0,0,0,0
0,0,0,0,0,0,0,0,0,0,0,0,0,0,0,0,0,0,0,1
0,0,0,0,0,0,0,0,0,0,0,0,0,0,0,0,0,0,0,0
0,0,0,0,0,0,0,0,0,0,0,0,0,0,0,0,0,0,0,1
37,1,37,37,0,0,0,1,37,37,1,37,37,0,0,0,2,48,7,1
37,1,37,37,0,0,0,1,37,37,1,37,37,0,0,0,2,48,7,1
37,1,37,37,0,0,0,1,37,37,1,37,37,0,0,0,2,48,7,0
37,1,37,37,0,0,0,1,37,37,1,37,37,0,0,0,2,48,7,0
37,1,37,37,0,0,0,1,37,37,1,37,37,0,0,0,2,48,7,1
0,0,0,0,0,0,0,1,32,22,1,32,22,0,0,0,1,32,6,1
37,1,37,37,0,0,0,1,37,37,1,37,37,0,0,0,2,48,7,1
10,1,10,7,0,0,0,2,12,7,2,12,7,0,0,0,2,12,5,1
10,1,10,7,0,0,0,2,12,7,2,12,7,0,0,0,2,12,5,0
0,0,0,0,0,0,0,0,0,0,0,0,0,0,0,0,0,0,0,0
0,0,0,0,0,0,0,0,0,0,0,0,0,0,0,0,0,0,0,1
0,0,0,0,0,0,0,0,0,0,0,0,0,0,0,0,0,0,0,0
0,0,0,0,0,0,0,0,0,0,0,0,0,0,0,0,1,7,4,0
100,1,100,100,0,0,0,1,105,100,1,105,100,0,0,0,2,105,8,1
71,1,71,71,0,0,0,1,122,100,1,122,100,0,0,0,2,126,9,0
32,1,32,32,0,0,0,1,33,32,1,33,32,0,0,0,1,33,6,1
0,0,0,0,0,0,0,1,2,2,1,2,2,0,0,0,1,2,2,1
0,0,0,0,0,0,0,0,0,0,0,0,0,0,0,0,0,0,0,1
0,0,0,0,0,0,0,0,0,0,0,0,0,0,0,0,1,10,4,1
0,0,0,0,0,0,0,0,0,0,0,0,0,0,0,0,0,0,0,1
65,2,65,39,0,0,0,2,75,39,2,75,39,0,0,0,2,75,8,1
65,2,65,39,0,0,0,2,75,39,2,75,39,0,0,0,2,75,8,1
36,1,36,36,0,0,0,1,36,36,1,36,36,0,0,0,1,36,7,0
36,1,36,36,0,0,0,1,36,36,1,36,36,0,0,0,1,36,7,1
36,1,36,36,0,0,0,1,36,36,1,36,36,0,0,0,1,36,7,0
0,0,0,0,0,0,0,1,13,13,1,13,13,0,0,0,1,13,5,1
0,0,0,0,0,0,0,1,13,13,1,13,13,0,0,0,1,13,5,1
0,0,0,0,0,0,0,2,12,7,2,12,7,0,0,0,2,12,5,0
0,0,0,0,0,0,0,2,12,7,2,12,7,0,0,0,2,12,5,1
0,0,0,0,0,0,0,1,5,5,1,5,5,0,0,0,1,5,3,1
88,1,88,67,0,0,0,3,149,67,3,149,67,0,0,0,3,151,9,1
0,0,0,0,0,0,0,0,0,0,0,0,0,0,0,0,1,5,3,1
0,0,0,0,0,0,0,0,0,0,0,0,0,0,0,0,1,5,3,0
0,0,0,0,0,0,0,0,0,0,0,0,0,0,0,0,1,5,3,0
0,0,0,0,0,0,0,0,0,0,0,0,0,0,0,0,0,0,0,0
0,0,0,0,0,0,0,0,0,0,0,0,0,0,0,0,0,0,0,1
0,0,0,0,0,0,0,0,0,0,0,0,0,0,0,0,0,0,0,0
0,0,0,0,0,0,0,0,0,0,0,0,0,0,0,0,0,0,0,0
0,0,0,0,0,0,0,0,0,0,0,0,0,0,0,0,0,0,0,1
0,0,0,0,0,0,0,0,0,0,0,0,0,0,0,0,0,0,0,0
0,0,0,0,0,0,0,0,0,0,0,0,0,0,0,0,0,0,0,0
0,0,0,0,0,0,0,0,0,0,0,0,0,0,0,0,0,0,0,1
43,1,20,20,1,39,39,1,43,39,1,20,20,1,39,39,1,43,7,1
43,1,20,20,1,39,39,1,43,39,1,20,20,1,39,39,1,43,7,0
43,1,20,20,1,39,39,1,43,39,1,20,20,1,39,39,1,43,7,1
11,1,11,11,0,0,0,1,11,11,1,11,11,0,0,0,1,11,4,0
0,0,0,0,0,0,0,0,0,0,0,0,0,0,0,0,0,0,0,1
11,1,11,11,0,0,0,1,11,11,1,11,11,0,0,0,1,11,4,0
11,1,11,11,0,0,0,1,11,11,1,11,11,0,0,0,1,11,4,1
34,2,34,32,0,0,0,2,34,32,2,34,32,0,0,0,2,34,6,1
12,2,12,10,0,0,0,2,12,10,2,12,10,0,0,0,2,18,5,0
12,2,12,10,0,0,0,2,12,10,2,12,10,0,0,0,2,18,5,1
12,2,12,10,0,0,0,2,12,10,2,12,10,0,0,0,2,18,5,0
0,0,0,0,0,0,0,1,14,14,0,0,0,1,14,14,1,14,5,0
12,2,12,10,0,0,0,2,12,10,2,12,10,0,0,0,2,18,5,0
0,0,0,0,0,0,0,1,14,14,0,0,0,1,14,14,1,14,5,0
0,0,0,0,0,0,0,1,14,14,0,0,0,1,14,14,1,14,5,1
12,2,12,10,0,0,0,2,12,10,2,12,10,0,0,0,2,18,5,0
6,1,6,6,0,0,0,1,13,12,1,6,6,1,12,12,1,13,5,1
6,1,6,6,0,0,0,1,13,12,1,6,6,1,12,12,1,13,5,1
6,1,6,6,0,0,0,1,13,12,1,6,6,1,12,12,1,13,5,1
6,1,6,6,0,0,0,1,13,12,1,6,6,1,12,12,1,13,5,0
0,0,0,0,0,0,0,0,0,0,0,0,0,0,0,0,0,0,0,0
0,0,0,0,0,0,0,0,0,0,0,0,0,0,0,0,0,0,0,1
0,0,0,0,0,0,0,0,0,0,0,0,0,0,0,0,0,0,0,0
0,0,0,0,0,0,0,0,0,0,0,0,0,0,0,0,0,0,0,0
0,0,0,0,0,0,0,0,0,0,0,0,0,0,0,0,0,0,0,1
0,0,0,0,0,0,0,0,0,0,0,0,0,0,0,0,0,0,0,0
10,1,10,10,0,0,0,2,22,17,2,22,17,0,0,0,2,24,6,1
22,1,22,22,0,0,0,1,22,22,1,22,22,0,0,0,1,22,6,0
19,2,19,17,0,0,0,2,20,17,2,20,17,0,0,0,3,21,6,0
19,2,19,17,0,0,0,2,20,17,2,20,17,0,0,0,3,21,6,1
19,2,19,17,0,0,0,2,20,17,2,20,17,0,0,0,3,21,6,1
0,0,0,0,0,0,0,0,0,0,0,0,0,0,0,0,1,12,5,0
0,0,0,0,0,0,0,0,0,0,0,0,0,0,0,0,1,12,5,1
0,0,0,0,0,0,0,0,0,0,0,0,0,0,0,0,1,12,5,0
0,0,0,0,0,0,0,0,0,0,0,0,0,0,0,0,0,0,0,0
0,0,0,0,0,0,0,0,0,0,0,0,0,0,0,0,0,0,0,0
0,0,0,0,0,0,0,0,0,0,0,0,0,0,0,0,0,0,0,1
0,0,0,0,0,0,0,0,0,0,0,0,0,0,0,0,0,0,0,1
0,0,0,0,0,0,0,0,0,0,0,0,0,0,0,0,0,0,0,0
0,0,0,0,0,0,0,0,0,0,0,0,0,0,0,0,0,0,0,0
0,0,0,0,0,0,0,1,14,14,1,14,14,0,0,0,1,19,5,1
0,0,0,0,0,0,0,1,14,14,1,14,14,0,0,0,1,19,5,1
0,0,0,0,0,0,0,1,14,14,1,14,14,0,0,0,1,19,5,1
0,0,0,0,0,0,0,1,32,32,1,32,32,0,0,0,1,32,6,1
0,0,0,0,0,0,0,1,32,32,1,32,32,0,0,0,1,32,6,0
0,0,0,0,0,0,0,1,32,32,1,32,32,0,0,0,1,32,6,0
0,0,0,0,0,0,0,1,32,32,1,32,32,0,0,0,1,32,6,1
0,0,0,0,0,0,0,1,32,32,1,32,32,0,0,0,1,32,6,0
0,0,0,0,0,0,0,1,32,32,1,32,32,0,0,0,1,32,6,1
42,4,42,10,0,0,0,4,42,10,4,42,10,0,0,0,4,52,7,1
0,0,0,0,0,0,0,1,32,32,1,32,32,0,0,0,1,32,6,1
0,0,0,0,0,0,0,1,32,32,1,32,32,0,0,0,1,32,6,0
0,0,0,0,0,0,0,1,32,32,1,32,32,0,0,0,1,32,6,0
0,0,0,0,0,0,0,1,32,32,1,32,32,0,0,0,1,32,6,0
0,0,0,0,0,0,0,1,32,32,1,32,32,0,0,0,1,32,6,0
0,0,0,0,0,0,0,1,32,32,1,32,32,0,0,0,1,32,6,1
0,0,0,0,0,0,0,1,32,32,1,32,32,0,0,0,1,32,6,1
42,4,42,10,0,0,0,4,42,10,4,42,10,0,0,0,4,52,7,0
0,0,0,0,0,0,0,1,32,32,1,32,32,0,0,0,1,32,6,1
0,0,0,0,0,0,0,1,32,32,1,32,32,0,0,0,1,32,6,0
0,0,0,0,0,0,0,1,32,32,1,32,32,0,0,0,1,32,6,1
0,0,0,0,0,0,0,1,32,32,1,32,32,0,0,0,1,32,6,0
0,0,0,0,0,0,0,1,32,32,1,32,32,0,0,0,1,32,6,1
0,0,0,0,0,0,0,0,0,0,0,0,0,0,0,0,0,0,0,1
0,0,0,0,0,0,0,0,0,0,0,0,0,0,0,0,0,0,0,1
0,0,0,0,0,0,0,0,0,0,0,0,0,0,0,0,0,0,0,1
40,1,40,33,0,0,0,2,46,33,2,46,33,0,0,0,2,46,7,0
0,0,0,0,0,0,0,1,10,7,1,10,7,0,0,0,1,10,4,0
123,1,123,123,0,0,0,2,139,123,2,139,123,0,0,0,2,145,9,1
64,1,64,55,0,0,0,2,76,55,2,76,55,0,0,0,2,79,8,0
22,1,22,22,0,0,0,1,22,22,1,22,22,0,0,0,2,24,6,1
0,0,0,0,0,0,0,0,0,0,0,0,0,0,0,0,0,0,0,1
22,1,22,22,0,0,0,1,22,22,1,22,22,0,0,0,2,24,6,0
0,0,0,0,0,0,0,1,11,11,1,11,11,0,0,0,1,11,4,1
123,1,123,123,0,0,0,2,139,123,2,139,123,0,0,0,2,145,9,1
0,0,0,0,0,0,0,1,11,11,1,11,11,0,0,0,1,11,4,0
40,1,40,33,0,0,0,2,46,33,2,46,33,0,0,0,2,46,7,0
0,0,0,0,0,0,0,0,0,0,0,0,0,0,0,0,0,0,0,1
0,0,0,0,0,0,0,0,0,0,0,0,0,0,0,0,0,0,0,0
0,0,0,0,0,0,0,0,0,0,0,0,0,0,0,0,0,0,0,1
0,0,0,0,0,0,0,0,0,0,0,0,0,0,0,0,0,0,0,0
0,0,0,0,0,0,0,0,0,0,0,0,0,0,0,0,0,0,0,0
0,0,0,0,0,0,0,0,0,0,0,0,0,0,0,0,0,0,0,1
0,0,0,0,0,0,0,0,0,0,0,0,0,0,0,0,0,0,0,1
0,0,0,0,0,0,0,0,0,0,0,0,0,0,0,0,0,0,0,0
20,1,20,20,0,0,0,1,20,20,1,20,20,0,0,0,1,20,5,0
20,1,20,20,0,0,0,1,20,20,1,20,20,0,0,0,1,20,5,0
20,1,20,20,0,0,0,1,20,20,1,20,20,0,0,0,1,20,5,0
20,1,20,20,0,0,0,1,20,20,1,20,20,0,0,0,1,20,5,1
0,0,0,0,0,0,0,0,0,0,0,0,0,0,0,0,0,0,0,0
0,0,0,0,0,0,0,0,0,0,0,0,0,0,0,0,0,0,0,0
0,0,0,0,0,0,0,0,0,0,0,0,0,0,0,0,0,0,0,1
0,0,0,0,0,0,0,0,0,0,0,0,0,0,0,0,0,0,0,1
0,0,0,0,0,0,0,0,0,0,0,0,0,0,0,0,0,0,0,1
0,0,0,0,0,0,0,0,0,0,0,0,0,0,0,0,0,0,0,1
0,0,0,0,0,0,0,0,0,0,0,0,0,0,0,0,1,8,4,1
0,0,0,0,0,0,0,0,0,0,0,0,0,0,0,0,1,8,4,0
0,0,0,0,0,0,0,0,0,0,0,0,0,0,0,0,1,14,5,0
0,0,0,0,0,0,0,0,0,0,0,0,0,0,0,0,1,14,5,1
0,0,0,0,0,0,0,0,0,0,0,0,0,0,0,0,0,0,0,1
0,0,0,0,0,0,0,0,0,0,0,0,0,0,0,0,1,5,3,0
0,0,0,0,0,0,0,0,0,0,0,0,0,0,0,0,0,0,0,1
0,0,0,0,0,0,0,0,0,0,0,0,0,0,0,0,0,0,0,1
0,0,0,0,0,0,0,0,0,0,0,0,0,0,0,0,0,0,0,1
95,2,95,79,0,0,0,2,95,79,2,95,79,0,0,0,2,95,8,1
95,2,95,79,0,0,0,2,95,79,2,95,79,0,0,0,2,95,8,1
95,2,95,79,0,0,0,2,95,79,2,95,79,0,0,0,2,95,8,0
95,2,95,79,0,0,0,2,95,79,2,95,79,0,0,0,2,95,8,0
95,2,95,79,0,0,0,2,95,79,2,95,79,0,0,0,2,95,8,1
0,0,0,0,0,0,0,0,0,0,0,0,0,0,0,0,0,0,0,0
0,0,0,0,0,0,0,0,0,0,0,0,0,0,0,0,1,3,2,1
0,0,0,0,0,0,0,0,0,0,0,0,0,0,0,0,0,0,0,0
4,1,4,3,0,0,0,2,11,7,2,11,7,0,0,0,2,11,4,1
0,0,0,0,0,0,0,0,0,0,0,0,0,0,0,0,0,0,0,1
12,1,12,12,0,0,0,1,12,12,1,12,12,0,0,0,1,12,5,0
0,0,0,0,0,0,0,0,0,0,0,0,0,0,0,0,0,0,0,0
12,1,12,12,0,0,0,1,12,12,1,12,12,0,0,0,1,12,5,0
12,1,12,12,0,0,0,1,12,12,1,12,12,0,0,0,1,12,5,1
12,1,12,12,0,0,0,1,12,12,1,12,12,0,0,0,1,12,5,1
12,1,12,12,0,0,0,1,12,12,1,12,12,0,0,0,1,12,5,0
0,0,0,0,0,0,0,0,0,0,0,0,0,0,0,0,0,0,0,1
0,0,0,0,0,0,0,0,0,0,0,0,0,0,0,0,0,0,0,1
0,0,0,0,0,0,0,0,0,0,0,0,0,0,0,0,0,0,0,1
0,0,0,0,0,0,0,0,0,0,0,0,0,0,0,0,0,0,0,0
0,0,0,0,0,0,0,0,0,0,0,0,0,0,0,0,0,0,0,1
0,0,0,0,0,0,0,1,8,7,1,8,7,0,0,0,2,12,5,0
30,2,30,20,0,0,0,4,53,22,4,53,22,0,0,0,5,60,7,0
132,2,132,60,0,0,0,3,136,60,3,136,60,0,0,0,3,136,9,1
132,2,132,60,0,0,0,3,136,60,3,136,60,0,0,0,3,136,9,0
132,2,132,60,0,0,0,3,136,60,3,136,60,0,0,0,3,136,9,0
132,2,132,60,0,0,0,3,136,60,3,136,60,0,0,0,3,136,9,0
132,2,132,60,0,0,0,3,136,60,3,136,60,0,0,0,3,136,9,0
190,3,190,100,0,0,0,3,190,100,3,190,100,0,0,0,3,190,10,1
0,0,0,0,0,0,0,0,0,0,0,0,0,0,0,0,0,0,0,0
0,0,0,0,0,0,0,0,0,0,0,0,0,0,0,0,0,0,0,1
0,0,0,0,0,0,0,0,0,0,0,0,0,0,0,0,0,0,0,0
0,0,0,0,0,0,0,0,0,0,0,0,0,0,0,0,0,0,0,1
0,0,0,0,0,0,0,0,0,0,0,0,0,0,0,0,0,0,0,0
0,0,0,0,0,0,0,0,0,0,0,0,0,0,0,0,0,0,0,0
0,0,0,0,0,0,0,0,0,0,0,0,0,0,0,0,0,0,0,0
14,1,14,14,0,0,0,1,14,14,1,14,14,0,0,0,1,14,5,1
14,1,14,14,0,0,0,1,14,14,1,14,14,0,0,0,1,14,5,0
14,1,14,14,0,0,0,1,14,14,1,14,14,0,0,0,1,14,5,0
0,0,0,0,0,0,0,0,0,0,0,0,0,0,0,0,0,0,0,1
0,0,0,0,0,0,0,0,0,0,0,0,0,0,0,0,0,0,0,0
0,0,0,0,0,0,0,0,0,0,0,0,0,0,0,0,0,0,0,0
123,2,123,100,0,0,0,2,123,100,2,123,100,0,0,0,3,292,10,0
19,1,19,19,0,0,0,1,19,19,1,19,19,0,0,0,1,20,5,0
19,1,19,19,0,0,0,1,19,19,1,19,19,0,0,0,1,20,5,1
19,1,19,19,0,0,0,1,19,19,1,19,19,0,0,0,1,20,5,1
8,1,8,8,0,0,0,1,8,8,1,8,8,0,0,0,1,8,4,1
8,1,8,8,0,0,0,1,8,8,1,8,8,0,0,0,1,8,4,1
8,1,8,8,0,0,0,1,8,8,1,8,8,0,0,0,1,8,4,1
8,1,8,8,0,0,0,1,8,8,1,8,8,0,0,0,1,8,4,1
0,0,0,0,0,0,0,0,0,0,0,0,0,0,0,0,0,0,0,0
0,0,0,0,0,0,0,0,0,0,0,0,0,0,0,0,0,0,0,1
0,0,0,0,0,0,0,0,0,0,0,0,0,0,0,0,0,0,0,1
0,0,0,0,0,0,0,0,0,0,0,0,0,0,0,0,0,0,0,0
0,0,0,0,0,0,0,0,0,0,0,0,0,0,0,0,0,0,0,1
0,0,0,0,0,0,0,2,16,10,2,16,10,0,0,0,2,37,7,1
0,0,0,0,0,0,0,2,16,10,2,16,10,0,0,0,2,37,7,1
0,0,0,0,0,0,0,0,0,0,0,0,0,0,0,0,0,0,0,1
0,0,0,0,0,0,0,0,0,0,0,0,0,0,0,0,0,0,0,0
0,0,0,0,0,0,0,0,0,0,0,0,0,0,0,0,0,0,0,1
0,0,0,0,0,0,0,0,0,0,0,0,0,0,0,0,0,0,0,0
0,0,0,0,0,0,0,0,0,0,0,0,0,0,0,0,0,0,0,1
0,0,0,0,0,0,0,0,0,0,0,0,0,0,0,0,0,0,0,1
0,0,0,0,0,0,0,1,12,12,1,12,12,0,0,0,2,13,5,0
0,0,0,0,0,0,0,0,0,0,0,0,0,0,0,0,0,0,0,0
0,0,0,0,0,0,0,0,0,0,0,0,0,0,0,0,1,3,2,1
0,0,0,0,0,0,0,0,0,0,0,0,0,0,0,0,1,3,2,0
1,1,1,1,0,0,0,1,4,4,1,4,4,0,0,0,2,11,4,0
15,2,15,10,0,0,0,2,15,10,2,15,10,0,0,0,2,15,5,0
15,2,15,10,0,0,0,2,15,10,2,15,10,0,0,0,2,15,5,0
73,0,0,0,1,73,73,1,73,73,0,0,0,1,73,73,2,125,9,1
73,0,0,0,1,73,73,1,73,73,0,0,0,1,73,73,2,125,9,0
7,1,7,7,0,0,0,1,7,7,1,7,7,0,0,0,1,7,4,1
7,1,7,7,0,0,0,1,7,7,1,7,7,0,0,0,1,7,4,1
7,1,7,7,0,0,0,1,7,7,1,7,7,0,0,0,1,7,4,1
10,1,10,10,0,0,0,2,17,10,2,17,10,0,0,0,2,21,6,1
10,1,10,10,0,0,0,2,17,10,2,17,10,0,0,0,2,21,6,1
0,0,0,0,0,0,0,0,0,0,0,0,0,0,0,0,0,0,0,0
4,1,4,4,0,0,0,1,20,20,1,20,20,0,0,0,1,20,5,1
4,1,4,4,0,0,0,1,20,20,1,20,20,0,0,0,1,20,5,1
4,1,4,4,0,0,0,1,20,20,1,20,20,0,0,0,1,20,5,1
0,0,0,0,0,0,0,0,0,0,0,0,0,0,0,0,0,0,0,0
0,0,0,0,0,0,0,0,0,0,0,0,0,0,0,0,0,0,0,0
69,1,69,69,0,0,0,1,69,69,1,69,69,0,0,0,1,69,8,1
0,0,0,0,0,0,0,0,0,0,0,0,0,0,0,0,0,0,0,0
0,0,0,0,0,0,0,0,0,0,0,0,0,0,0,0,0,0,0,1
0,0,0,0,0,0,0,0,0,0,0,0,0,0,0,0,0,0,0,0
0,0,0,0,0,0,0,0,0,0,0,0,0,0,0,0,0,0,0,0
0,0,0,0,0,0,0,0,0,0,0,0,0,0,0,0,0,0,0,1
0,0,0,0,0,0,0,0,0,0,0,0,0,0,0,0,0,0,0,1
0,0,0,0,0,0,0,0,0,0,0,0,0,0,0,0,0,0,0,1
0,0,0,0,0,0,0,0,0,0,0,0,0,0,0,0,0,0,0,0
0,0,0,0,0,0,0,0,0,0,0,0,0,0,0,0,0,0,0,0
0,0,0,0,0,0,0,0,0,0,0,0,0,0,0,0,0,0,0,1
7,1,7,5,0,0,0,1,7,5,1,7,5,0,0,0,1,7,4,1
7,1,7,5,0,0,0,1,7,5,1,7,5,0,0,0,1,7,4,0
7,1,7,5,0,0,0,1,7,5,1,7,5,0,0,0,1,7,4,1
0,0,0,0,0,0,0,0,0,0,0,0,0,0,0,0,0,0,0,0
0,0,0,0,0,0,0,0,0,0,0,0,0,0,0,0,0,0,0,1
0,0,0,0,0,0,0,0,0,0,0,0,0,0,0,0,0,0,0,1
0,0,0,0,0,0,0,0,0,0,0,0,0,0,0,0,0,0,0,0
0,0,0,0,0,0,0,0,0,0,0,0,0,0,0,0,0,0,0,0
12,1,12,12,0,0,0,1,13,12,1,13,12,0,0,0,1,13,5,0
0,0,0,0,0,0,0,0,0,0,0,0,0,0,0,0,0,0,0,0
0,0,0,0,0,0,0,0,0,0,0,0,0,0,0,0,0,0,0,1
10,1,10,10,0,0,0,1,10,10,1,10,10,0,0,0,1,10,4,1
10,1,10,10,0,0,0,1,10,10,1,10,10,0,0,0,1,10,4,0
10,1,10,10,0,0,0,1,10,10,1,10,10,0,0,0,1,10,4,0
10,1,10,10,0,0,0,1,10,10,1,10,10,0,0,0,1,10,4,0
109,3,109,67,0,0,0,3,110,67,3,110,67,0,0,0,3,110,9,1
10,1,10,10,0,0,0,1,10,10,1,10,10,0,0,0,1,10,4,1
10,1,10,10,0,0,0,1,10,10,1,10,10,0,0,0,1,10,4,1
0,0,0,0,0,0,0,0,0,0,0,0,0,0,0,0,0,0,0,1
0,0,0,0,0,0,0,2,25,24,2,25,24,0,0,0,2,63,8,1
0,0,0,0,0,0,0,0,0,0,0,0,0,0,0,0,0,0,0,0
0,0,0,0,0,0,0,0,0,0,0,0,0,0,0,0,0,0,0,0
0,0,0,0,0,0,0,0,0,0,0,0,0,0,0,0,0,0,0,1
0,0,0,0,0,0,0,0,0,0,0,0,0,0,0,0,0,0,0,0
0,0,0,0,0,0,0,0,0,0,0,0,0,0,0,0,0,0,0,0
0,0,0,0,0,0,0,0,0,0,0,0,0,0,0,0,0,0,0,1
0,0,0,0,0,0,0,0,0,0,0,0,0,0,0,0,1,7,4,1
0,0,0,0,0,0,0,0,0,0,0,0,0,0,0,0,1,7,4,0
0,0,0,0,0,0,0,0,0,0,0,0,0,0,0,0,1,7,4,0
0,0,0,0,0,0,0,0,0,0,0,0,0,0,0,0,0,0,0,0
0,0,0,0,0,0,0,0,0,0,0,0,0,0,0,0,0,0,0,1
0,0,0,0,0,0,0,0,0,0,0,0,0,0,0,0,0,0,0,1
0,0,0,0,0,0,0,0,0,0,0,0,0,0,0,0,0,0,0,1
0,0,0,0,0,0,0,0,0,0,0,0,0,0,0,0,0,0,0,1
0,0,0,0,0,0,0,1,4,4,1,4,4,0,0,0,1,4,2,0
0,0,0,0,0,0,0,1,4,4,1,4,4,0,0,0,1,4,2,1
0,0,0,0,0,0,0,0,0,0,0,0,0,0,0,0,0,0,0,1
0,0,0,0,0,0,0,0,0,0,0,0,0,0,0,0,0,0,0,1
0,0,0,0,0,0,0,0,0,0,0,0,0,0,0,0,0,0,0,0
0,0,0,0,0,0,0,0,0,0,0,0,0,0,0,0,0,0,0,1
14,1,14,14,0,0,0,2,14,14,2,14,14,0,0,0,2,14,5,0
22,1,22,22,0,0,0,1,22,22,1,22,22,0,0,0,1,24,6,1
22,1,22,22,0,0,0,1,22,22,1,22,22,0,0,0,1,24,6,1
22,1,22,22,0,0,0,1,22,22,1,22,22,0,0,0,1,24,6,1
0,0,0,0,0,0,0,1,8,8,1,8,8,0,0,0,1,8,4,0
22,1,22,22,0,0,0,1,22,22,1,22,22,0,0,0,1,24,6,1
22,1,22,22,0,0,0,1,22,22,1,22,22,0,0,0,1,24,6,1
0,0,0,0,0,0,0,0,0,0,0,0,0,0,0,0,0,0,0,0
0,0,0,0,0,0,0,0,0,0,0,0,0,0,0,0,0,0,0,1
0,0,0,0,0,0,0,0,0,0,0,0,0,0,0,0,0,0,0,1
0,0,0,0,0,0,0,0,0,0,0,0,0,0,0,0,0,0,0,1
0,0,0,0,0,0,0,0,0,0,0,0,0,0,0,0,0,0,0,0
0,0,0,0,0,0,0,0,0,0,0,0,0,0,0,0,0,0,0,1
0,0,0,0,0,0,0,0,0,0,0,0,0,0,0,0,0,0,0,1
0,0,0,0,0,0,0,0,0,0,0,0,0,0,0,0,0,0,0,1
0,0,0,0,0,0,0,0,0,0,0,0,0,0,0,0,1,17,5,1
0,0,0,0,0,0,0,0,0,0,0,0,0,0,0,0,0,0,0,1
0,0,0,0,0,0,0,0,0,0,0,0,0,0,0,0,0,0,0,0
0,0,0,0,0,0,0,0,0,0,0,0,0,0,0,0,0,0,0,0
0,0,0,0,0,0,0,0,0,0,0,0,0,0,0,0,0,0,0,1
0,0,0,0,0,0,0,0,0,0,0,0,0,0,0,0,0,0,0,0
0,0,0,0,0,0,0,0,0,0,0,0,0,0,0,0,0,0,0,0
0,0,0,0,0,0,0,0,0,0,0,0,0,0,0,0,0,0,0,1
0,0,0,0,0,0,0,0,0,0,0,0,0,0,0,0,0,0,0,0
0,0,0,0,0,0,0,0,0,0,0,0,0,0,0,0,0,0,0,0
0,0,0,0,0,0,0,0,0,0,0,0,0,0,0,0,0,0,0,0
0,0,0,0,0,0,0,0,0,0,0,0,0,0,0,0,1,3,2,0
0,0,0,0,0,0,0,1,1,1,1,1,1,0,0,0,1,1,0,1
0,0,0,0,0,0,0,0,0,0,0,0,0,0,0,0,0,0,0,0
36,2,36,26,0,0,0,2,36,26,2,36,26,0,0,0,2,36,7,1
36,2,36,26,0,0,0,2,36,26,2,36,26,0,0,0,2,36,7,1
36,2,36,26,0,0,0,2,36,26,2,36,26,0,0,0,2,36,7,1
36,2,36,26,0,0,0,2,36,26,2,36,26,0,0,0,2,36,7,0
36,2,36,26,0,0,0,2,36,26,2,36,26,0,0,0,2,36,7,1
0,0,0,0,0,0,0,0,0,0,0,0,0,0,0,0,0,0,0,0
0,0,0,0,0,0,0,0,0,0,0,0,0,0,0,0,1,8,4,1
0,0,0,0,0,0,0,1,24,23,1,24,23,0,0,0,1,24,6,1
0,0,0,0,0,0,0,1,24,23,1,24,23,0,0,0,1,24,6,1
0,0,0,0,0,0,0,1,24,23,1,24,23,0,0,0,1,24,6,1
0,0,0,0,0,0,0,1,24,23,1,24,23,0,0,0,1,24,6,0
0,0,0,0,0,0,0,1,24,23,1,24,23,0,0,0,1,24,6,0
0,0,0,0,0,0,0,1,24,23,1,24,23,0,0,0,1,24,6,0
0,0,0,0,0,0,0,1,24,23,1,24,23,0,0,0,1,24,6,1
55,1,55,54,0,0,0,2,68,54,2,68,54,0,0,0,2,68,8,1
186,3,186,97,0,0,0,3,194,97,3,194,97,0,0,0,3,198,10,0
0,0,0,0,0,0,0,0,0,0,0,0,0,0,0,0,0,0,0,1
55,1,55,54,0,0,0,2,68,54,2,68,54,0,0,0,2,68,8,0
0,0,0,0,0,0,0,0,0,0,0,0,0,0,0,0,0,0,0,0
55,1,55,54,0,0,0,2,68,54,2,68,54,0,0,0,2,68,8,1
55,1,55,54,0,0,0,2,68,54,2,68,54,0,0,0,2,68,8,1
40,1,40,35,0,0,0,1,40,35,1,40,35,0,0,0,1,40,7,1
40,1,40,35,0,0,0,1,40,35,1,40,35,0,0,0,1,40,7,1
0,0,0,0,0,0,0,0,0,0,0,0,0,0,0,0,0,0,0,0
14,1,14,10,0,0,0,2,30,22,2,30,22,0,0,0,3,39,7,1
10,2,10,7,0,0,0,2,10,7,2,10,7,0,0,0,2,10,4,1
10,2,10,7,0,0,0,2,10,7,2,10,7,0,0,0,2,10,4,1
10,2,10,7,0,0,0,2,10,7,2,10,7,0,0,0,2,10,4,0
10,2,10,7,0,0,0,2,10,7,2,10,7,0,0,0,2,10,4,0
21,2,21,14,0,0,0,2,21,14,2,21,14,0,0,0,2,21,6,0
0,0,0,0,0,0,0,0,0,0,0,0,0,0,0,0,0,0,0,0
0,0,0,0,0,0,0,0,0,0,0,0,0,0,0,0,0,0,0,0
0,0,0,0,0,0,0,0,0,0,0,0,0,0,0,0,0,0,0,1
0,0,0,0,0,0,0,0,0,0,0,0,0,0,0,0,0,0,0,0
71,2,71,32,0,0,0,3,72,32,3,72,32,0,0,0,3,73,8,0
10,1,10,7,0,0,0,2,17,7,2,17,7,0,0,0,5,35,6,0
19,2,14,7,1,12,12,2,20,12,2,16,7,1,12,12,3,74,8,1
12,2,12,7,0,0,0,2,16,7,2,16,7,0,0,0,3,21,6,1
31,4,31,7,0,0,0,5,36,12,5,34,7,1,12,12,5,37,7,1
19,2,14,7,1,12,12,2,20,12,2,16,7,1,12,12,3,74,8,1
19,2,14,7,1,12,12,2,20,12,2,16,7,1,12,12,3,74,8,0
0,0,0,0,0,0,0,2,14,10,2,14,10,0,0,0,2,21,6,1
14,2,14,7,0,0,0,5,34,7,5,34,7,0,0,0,5,39,7,0
31,4,31,7,0,0,0,5,36,12,5,34,7,1,12,12,5,37,7,0
19,2,14,7,1,12,12,2,20,12,2,16,7,1,12,12,3,74,8,1
7,1,7,7,0,0,0,3,71,32,3,71,32,0,0,0,3,72,8,0
11,1,11,11,0,0,0,1,11,11,1,11,11,0,0,0,1,20,5,1
0,0,0,0,0,0,0,1,19,19,1,19,19,0,0,0,1,19,5,0
0,0,0,0,0,0,0,1,19,19,1,19,19,0,0,0,1,19,5,1
0,0,0,0,0,0,0,1,19,19,1,19,19,0,0,0,1,19,5,1
0,0,0,0,0,0,0,0,0,0,0,0,0,0,0,0,0,0,0,1
0,0,0,0,0,0,0,0,0,0,0,0,0,0,0,0,0,0,0,1
0,0,0,0,0,0,0,0,0,0,0,0,0,0,0,0,0,0,0,1
0,0,0,0,0,0,0,0,0,0,0,0,0,0,0,0,0,0,0,1
0,0,0,0,0,0,0,0,0,0,0,0,0,0,0,0,0,0,0,0
3,1,3,3,0,0,0,2,245,245,2,245,245,0,0,0,2,245,10,0
3,1,3,3,0,0,0,2,245,245,2,245,245,0,0,0,2,245,10,1
3,1,3,3,0,0,0,2,245,245,2,245,245,0,0,0,2,245,10,1
3,1,3,3,0,0,0,2,245,245,2,245,245,0,0,0,2,245,10,0
72,1,72,72,0,0,0,1,72,72,1,72,72,0,0,0,2,78,8,1
72,1,72,72,0,0,0,1,72,72,1,72,72,0,0,0,2,78,8,0
72,1,72,72,0,0,0,1,72,72,1,72,72,0,0,0,2,78,8,1
72,1,72,72,0,0,0,1,72,72,1,72,72,0,0,0,2,78,8,1
72,1,72,72,0,0,0,1,72,72,1,72,72,0,0,0,2,78,8,1
72,1,72,72,0,0,0,1,72,72,1,72,72,0,0,0,2,78,8,0
0,0,0,0,0,0,0,0,0,0,0,0,0,0,0,0,0,0,0,0
0,0,0,0,0,0,0,0,0,0,0,0,0,0,0,0,0,0,0,1
74,3,74,49,0,0,0,3,74,49,3,74,49,0,0,0,3,74,8,0
0,0,0,0,0,0,0,0,0,0,0,0,0,0,0,0,0,0,0,0
0,0,0,0,0,0,0,0,0,0,0,0,0,0,0,0,0,0,0,1
0,0,0,0,0,0,0,0,0,0,0,0,0,0,0,0,0,0,0,0
0,0,0,0,0,0,0,0,0,0,0,0,0,0,0,0,0,0,0,0
0,0,0,0,0,0,0,0,0,0,0,0,0,0,0,0,0,0,0,0
0,0,0,0,0,0,0,0,0,0,0,0,0,0,0,0,1,33,6,0
0,0,0,0,0,0,0,0,0,0,0,0,0,0,0,0,1,33,6,1
0,0,0,0,0,0,0,0,0,0,0,0,0,0,0,0,0,0,0,0
0,0,0,0,0,0,0,0,0,0,0,0,0,0,0,0,1,10,4,0
0,0,0,0,0,0,0,0,0,0,0,0,0,0,0,0,1,10,4,0
0,0,0,0,0,0,0,0,0,0,0,0,0,0,0,0,1,10,4,0
0,0,0,0,0,0,0,0,0,0,0,0,0,0,0,0,0,0,0,1
0,0,0,0,0,0,0,0,0,0,0,0,0,0,0,0,0,0,0,0
0,0,0,0,0,0,0,0,0,0,0,0,0,0,0,0,1,7,4,1
55,1,55,55,0,0,0,1,55,55,1,55,55,0,0,0,1,55,7,1
55,1,55,55,0,0,0,1,55,55,1,55,55,0,0,0,1,55,7,1
55,1,55,55,0,0,0,1,55,55,1,55,55,0,0,0,1,55,7,1
55,1,55,55,0,0,0,1,55,55,1,55,55,0,0,0,1,55,7,0
288,4,288,100,0,0,0,4,293,100,4,293,100,0,0,0,4,293,10,0
0,0,0,0,0,0,0,0,0,0,0,0,0,0,0,0,0,0,0,0
288,4,288,100,0,0,0,4,293,100,4,293,100,0,0,0,4,293,10,0
288,4,288,100,0,0,0,4,293,100,4,293,100,0,0,0,4,293,10,1
55,1,55,55,0,0,0,1,55,55,1,55,55,0,0,0,1,55,7,0
55,1,55,55,0,0,0,1,55,55,1,55,55,0,0,0,1,55,7,0
55,1,55,55,0,0,0,1,55,55,1,55,55,0,0,0,1,55,7,1
55,1,55,55,0,0,0,1,55,55,1,55,55,0,0,0,1,55,7,0
55,1,55,55,0,0,0,1,55,55,1,55,55,0,0,0,1,55,7,1
288,4,288,100,0,0,0,4,293,100,4,293,100,0,0,0,4,293,10,0
55,1,55,55,0,0,0,1,55,55,1,55,55,0,0,0,1,55,7,0
55,1,55,55,0,0,0,1,55,55,1,55,55,0,0,0,1,55,7,0
55,1,55,55,0,0,0,1,55,55,1,55,55,0,0,0,1,55,7,0
0,0,0,0,0,0,0,0,0,0,0,0,0,0,0,0,0,0,0,1
16,1,16,16,0,0,0,2,29,20,2,29,20,0,0,0,2,29,6,1
25,2,25,20,0,0,0,2,25,20,2,25,20,0,0,0,2,25,6,0
0,0,0,0,0,0,0,0,0,0,0,0,0,0,0,0,0,0,0,0
0,0,0,0,0,0,0,0,0,0,0,0,0,0,0,0,0,0,0,1
0,0,0,0,0,0,0,0,0,0,0,0,0,0,0,0,0,0,0,1
0,0,0,0,0,0,0,0,0,0,0,0,0,0,0,0,1,7,4,1
10,1,10,10,0,0,0,2,17,13,2,17,13,0,0,0,2,17,5,0
3,1,3,3,0,0,0,1,4,3,1,4,3,0,0,0,2,4,3,0
8,1,8,8,0,0,0,2,56,55,2,56,55,0,0,0,2,56,7,1
0,0,0,0,0,0,0,0,0,0,0,0,0,0,0,0,1,9,4,1
3,1,3,3,0,0,0,1,3,3,1,3,3,0,0,0,1,9,4,1
0,0,0,0,0,0,0,0,0,0,0,0,0,0,0,0,1,9,4,0
0,0,0,0,0,0,0,0,0,0,0,0,0,0,0,0,1,55,7,1
0,0,0,0,0,0,0,0,0,0,0,0,0,0,0,0,1,55,7,0
0,0,0,0,0,0,0,0,0,0,0,0,0,0,0,0,1,55,7,0
0,0,0,0,0,0,0,0,0,0,0,0,0,0,0,0,0,0,0,1
10,1,10,10,0,0,0,1,10,10,1,10,10,0,0,0,1,14,5,1
10,1,10,10,0,0,0,1,10,10,1,10,10,0,0,0,1,14,5,0
0,0,0,0,0,0,0,1,10,10,1,10,10,0,0,0,1,10,4,1
51,2,51,32,0,0,0,2,52,32,2,52,32,0,0,0,2,52,7,1
51,2,51,32,0,0,0,2,52,32,2,52,32,0,0,0,2,52,7,0
51,2,51,32,0,0,0,2,52,32,2,52,32,0,0,0,2,52,7,1
0,0,0,0,0,0,0,0,0,0,0,0,0,0,0,0,0,0,0,1
0,0,0,0,0,0,0,0,0,0,0,0,0,0,0,0,0,0,0,0
0,0,0,0,0,0,0,0,0,0,0,0,0,0,0,0,0,0,0,1
0,0,0,0,0,0,0,0,0,0,0,0,0,0,0,0,0,0,0,1
0,0,0,0,0,0,0,0,0,0,0,0,0,0,0,0,0,0,0,0
0,0,0,0,0,0,0,0,0,0,0,0,0,0,0,0,0,0,0,1
0,0,0,0,0,0,0,0,0,0,0,0,0,0,0,0,0,0,0,0
0,0,0,0,0,0,0,0,0,0,0,0,0,0,0,0,0,0,0,1
0,0,0,0,0,0,0,0,0,0,0,0,0,0,0,0,0,0,0,0
0,0,0,0,0,0,0,0,0,0,0,0,0,0,0,0,0,0,0,1
31,1,31,31,0,0,0,1,31,31,1,31,31,0,0,0,1,42,7,1
0,0,0,0,0,0,0,1,28,28,1,28,28,0,0,0,1,31,6,1
13,1,13,13,0,0,0,1,13,13,1,13,13,0,0,0,1,13,5,0
0,0,0,0,0,0,0,0,0,0,0,0,0,0,0,0,0,0,0,0
32,1,32,32,0,0,0,1,44,32,1,44,32,0,0,0,1,44,7,1
0,0,0,0,0,0,0,0,0,0,0,0,0,0,0,0,0,0,0,0
3,1,3,3,0,0,0,1,8,7,1,8,7,0,0,0,1,8,4,1
78,1,78,55,0,0,0,2,79,55,2,79,55,0,0,0,2,79,8,0
0,0,0,0,0,0,0,1,13,11,1,13,11,0,0,0,2,22,6,0
64,2,64,63,0,0,0,2,64,63,2,64,63,0,0,0,2,65,8,0
0,0,0,0,0,0,0,1,13,11,1,13,11,0,0,0,2,22,6,0
0,0,0,0,0,0,0,0,0,0,0,0,0,0,0,0,0,0,0,1
0,0,0,0,0,0,0,1,13,11,1,13,11,0,0,0,2,22,6,0
13,1,13,11,0,0,0,2,13,11,2,13,11,0,0,0,2,15,5,1
89,1,89,89,0,0,0,2,118,89,2,118,89,0,0,0,2,134,9,0
77,1,77,55,0,0,0,2,100,63,2,100,63,0,0,0,2,100,8,0
0,0,0,0,0,0,0,0,0,0,0,0,0,0,0,0,0,0,0,1
0,0,0,0,0,0,0,0,0,0,0,0,0,0,0,0,0,0,0,0
12,2,12,10,0,0,0,2,12,10,2,12,10,0,0,0,2,12,5,1
12,2,12,10,0,0,0,2,12,10,2,12,10,0,0,0,2,12,5,1
12,2,12,10,0,0,0,2,12,10,2,12,10,0,0,0,2,12,5,1
12,2,12,10,0,0,0,2,12,10,2,12,10,0,0,0,2,12,5,0
12,2,12,10,0,0,0,2,12,10,2,12,10,0,0,0,2,12,5,1
12,2,12,10,0,0,0,2,12,10,2,12,10,0,0,0,2,12,5,0
12,2,12,10,0,0,0,2,12,10,2,12,10,0,0,0,2,12,5,0
12,2,12,10,0,0,0,2,12,10,2,12,10,0,0,0,2,12,5,1
10,1,10,10,0,0,0,1,10,10,1,10,10,0,0,0,2,21,6,0
10,1,10,10,0,0,0,1,10,10,1,10,10,0,0,0,2,21,6,1
10,1,10,10,0,0,0,1,10,10,1,10,10,0,0,0,2,21,6,0
10,1,10,10,0,0,0,1,10,10,1,10,10,0,0,0,2,21,6,0
10,1,10,10,0,0,0,1,10,10,1,10,10,0,0,0,2,21,6,1
4,1,4,4,0,0,0,1,7,5,1,7,5,0,0,0,1,7,4,0
4,1,4,4,0,0,0,1,7,5,1,7,5,0,0,0,1,7,4,1
0,0,0,0,0,0,0,1,6,6,0,0,0,1,6,6,1,6,3,1
0,0,0,0,0,0,0,1,100,100,1,100,100,0,0,0,2,173,9,0
0,0,0,0,0,0,0,0,0,0,0,0,0,0,0,0,0,0,0,1
0,0,0,0,0,0,0,1,3,3,1,3,3,0,0,0,2,106,8,0
141,1,141,100,0,0,0,1,141,100,1,141,100,0,0,0,2,141,9,1
0,0,0,0,0,0,0,1,3,3,1,3,3,0,0,0,2,106,8,0
0,0,0,0,0,0,0,1,100,100,1,100,100,0,0,0,2,173,9,0
0,0,0,0,0,0,0,0,0,0,0,0,0,0,0,0,0,0,0,1
0,0,0,0,0,0,0,1,100,100,1,100,100,0,0,0,2,173,9,0
0,0,0,0,0,0,0,1,100,100,1,100,100,0,0,0,2,173,9,0
81,2,81,53,0,0,0,2,103,63,2,81,53,1,63,63,2,103,8,1
81,2,81,53,0,0,0,2,103,63,2,81,53,1,63,63,2,103,8,0
7,0,0,0,1,7,7,1,9,7,1,6,6,1,7,7,1,9,4,1
0,0,0,0,0,0,0,0,0,0,0,0,0,0,0,0,0,0,0,1
0,0,0,0,0,0,0,0,0,0,0,0,0,0,0,0,0,0,0,1
0,0,0,0,0,0,0,1,33,33,1,33,33,0,0,0,1,33,6,1
0,0,0,0,0,0,0,0,0,0,0,0,0,0,0,0,0,0,0,1
9,1,9,9,0,0,0,1,9,9,1,9,9,0,0,0,1,9,4,1
9,1,9,9,0,0,0,1,9,9,1,9,9,0,0,0,1,9,4,0
17,2,17,13,0,0,0,3,20,13,3,20,13,0,0,0,3,22,6,1
0,0,0,0,0,0,0,0,0,0,0,0,0,0,0,0,0,0,0,0
10,1,10,10,0,0,0,1,10,10,1,10,10,0,0,0,1,10,4,0
10,1,10,10,0,0,0,1,10,10,1,10,10,0,0,0,1,10,4,1
0,0,0,0,0,0,0,0,0,0,0,0,0,0,0,0,0,0,0,1
0,0,0,0,0,0,0,0,0,0,0,0,0,0,0,0,0,0,0,1
0,0,0,0,0,0,0,0,0,0,0,0,0,0,0,0,0,0,0,1
0,0,0,0,0,0,0,0,0,0,0,0,0,0,0,0,1,45,7,1
10,1,10,10,0,0,0,1,24,22,1,24,22,0,0,0,2,27,6,1
10,1,10,10,0,0,0,1,24,22,1,24,22,0,0,0,2,27,6,0
22,1,22,22,0,0,0,1,25,22,1,25,22,0,0,0,2,25,6,1
10,1,10,10,0,0,0,1,24,22,1,24,22,0,0,0,2,27,6,0
10,1,10,10,0,0,0,1,24,22,1,24,22,0,0,0,2,27,6,1
7,1,7,6,0,0,0,1,7,6,1,7,6,0,0,0,1,7,3,0
0,0,0,0,0,0,0,0,0,0,0,0,0,0,0,0,1,5,3,0
0,0,0,0,0,0,0,0,0,0,0,0,0,0,0,0,1,5,3,0
0,0,0,0,0,0,0,0,0,0,0,0,0,0,0,0,1,5,3,1
25,1,25,23,0,0,0,2,26,23,2,26,23,0,0,0,2,26,6,0
25,1,25,23,0,0,0,2,26,23,2,26,23,0,0,0,2,26,6,1
0,0,0,0,0,0,0,0,0,0,0,0,0,0,0,0,1,5,3,1
25,1,25,23,0,0,0,2,26,23,2,26,23,0,0,0,2,26,6,0
0,0,0,0,0,0,0,0,0,0,0,0,0,0,0,0,0,0,0,1
0,0,0,0,0,0,0,0,0,0,0,0,0,0,0,0,0,0,0,1
4,1,4,4,0,0,0,1,4,4,1,4,4,0,0,0,1,4,3,0
13,2,13,9,0,0,0,2,13,9,2,13,9,0,0,0,2,13,5,0
0,0,0,0,0,0,0,0,0,0,0,0,0,0,0,0,0,0,0,0
0,0,0,0,0,0,0,0,0,0,0,0,0,0,0,0,0,0,0,1
0,0,0,0,0,0,0,0,0,0,0,0,0,0,0,0,0,0,0,1
0,0,0,0,0,0,0,0,0,0,0,0,0,0,0,0,0,0,0,0
0,0,0,0,0,0,0,0,0,0,0,0,0,0,0,0,0,0,0,1
5,1,5,5,0,0,0,1,5,5,1,5,5,0,0,0,1,5,3,1
5,1,5,5,0,0,0,1,5,5,1,5,5,0,0,0,1,5,3,1
5,1,5,5,0,0,0,1,5,5,1,5,5,0,0,0,1,5,3,0
5,1,5,5,0,0,0,1,5,5,1,5,5,0,0,0,1,5,3,1
0,0,0,0,0,0,0,0,0,0,0,0,0,0,0,0,0,0,0,1
0,0,0,0,0,0,0,0,0,0,0,0,0,0,0,0,0,0,0,1
0,0,0,0,0,0,0,0,0,0,0,0,0,0,0,0,0,0,0,0
0,0,0,0,0,0,0,0,0,0,0,0,0,0,0,0,0,0,0,1
0,0,0,0,0,0,0,0,0,0,0,0,0,0,0,0,0,0,0,1
0,0,0,0,0,0,0,1,1,1,1,1,1,0,0,0,1,1,0,0
0,0,0,0,0,0,0,0,0,0,0,0,0,0,0,0,0,0,0,0
